时间,标题,链接,标签,公众号
1748773000,资源小真探之弘雅书房敦煌合集,http://mp.weixin.qq.com/s?__biz=MjM5NTE5Mjk1Mg==&mid=2650160156&idx=1&sn=658a006635a32ec20109133cf06cbada&chksm=befed50b89895c1d73241d8a9af8464a5620ea73337f15d992664de5c1ef0943a05385311374#rd,0,南京大学图书馆
1748700269,粽香入画，龙舟跃纸：解密古画中的端午,http://mp.weixin.qq.com/s?__biz=MjM5NTE5Mjk1Mg==&mid=2650160155&idx=1&sn=7ad93b0c3ffd99dc58e5093ef972f261&chksm=befed50c89895c1a4e0a6a4231fac25bf70bd5fe3444dec6e0b6c4ac548585f6a6998dc1c6e6#rd,0,南京大学图书馆
1748700269,资源小真探之弘雅书房五月合集,http://mp.weixin.qq.com/s?__biz=MjM5NTE5Mjk1Mg==&mid=2650160155&idx=2&sn=45ad12d992c598e955dc70ef678be5ff&chksm=befed50c89895c1a8f0abd7e6cf72674e9c37318c3fca2a0d92419c5b58403e565cd23dd85ef#rd,0,南京大学图书馆
1748700269,领奖通知 | 新东方中华经典诵读获奖名单,http://mp.weixin.qq.com/s?__biz=MjM5NTE5Mjk1Mg==&mid=2650160155&idx=3&sn=028244a263479d88400216e1acaf5d82&chksm=befed50c89895c1abd4b2ceef72c8face743ae38d73b333fa3246885dc5aaa9a81d694f14e40#rd,0,南京大学图书馆
1748517383,教授请吃饭 | “绑匪的故事”大揭秘,http://mp.weixin.qq.com/s?__biz=MjM5NTE5Mjk1Mg==&mid=2650160154&idx=1&sn=d5a544f1244a92a4ec27a2a37ef59e24&chksm=befed50d89895c1b46839462f66ffa7df14bbf948456983d77d7e0f0a1de4d36f10122dd6ce7#rd,0,南京大学图书馆
1748418160,【新闻】“一生为国铸盾，映照百年风云”——致敬 “大先生”系列展之走近程开甲开幕,http://mp.weixin.qq.com/s?__biz=MjM5NTE5Mjk1Mg==&mid=2650160064&idx=1&sn=48ccf08eebb0b300a689873cc9bcee58&chksm=befed2d789895bc14ab012b2d14cfe366881e37c91e2ea1bfef7398c83d5ea5ed8c1c18833d2#rd,0,南京大学图书馆
1748249425,图书馆端午节开放通知,http://mp.weixin.qq.com/s?__biz=MjM5NTE5Mjk1Mg==&mid=2650160020&idx=1&sn=55c60b4ec07c9cafcbfaf6cb9231b294&chksm=befed28389895b951951029af5d4f2992e3846352b6da15027630d6a14deaaffd9c54cb4e337#rd,0,南京大学图书馆
1748248304,从“禁书”到经典，你知道它经历了什么？回答我！,http://mp.weixin.qq.com/s?__biz=MjM5NTE5Mjk1Mg==&mid=2650160013&idx=1&sn=af2cd50a88be917959e3171272a56d3a&chksm=befed29a89895b8c46dbf84c0459f7a65f21cb682604dcba15d4ba12b4631c800f1b07a5d19d#rd,0,南京大学图书馆
1748152334,【新闻】图书馆“对话南大先生”系列活动——刘成富教授作品阅读会,http://mp.weixin.qq.com/s?__biz=MjM5NTE5Mjk1Mg==&mid=2650159916&idx=1&sn=e676c64bc5578efc258af1b98739e3a5&chksm=befed23b89895b2d87689a5eabb6a3d58f500ae46098ce5cf4aef03dd53ba44fa8dc51210f74#rd,0,南京大学图书馆
1747964167,关于仙林图书馆停电维修的通知,http://mp.weixin.qq.com/s?__biz=MjM5NTE5Mjk1Mg==&mid=2650159900&idx=1&sn=4fcb0f804b96fed58e360c4074dca2af&chksm=befed20b89895b1dadc726d89ea7998dff22483beb2b1928b0b9ae43537b9f78c4eb38275fbe#rd,0,南京大学图书馆
1747922260,本周六 ！ 教授请吃饭攻略,http://mp.weixin.qq.com/s?__biz=MjM5NTE5Mjk1Mg==&mid=2650159899&idx=1&sn=f109c8e60f88325677af3381882749f6&chksm=befed20c89895b1aa93f2ed8bec0d746a8e7acb537872197cb691b23dd024ebd614a8b18816b#rd,0,南京大学图书馆
1747658359,123～教授请吃饭！共祝南京大学生日快乐！,http://mp.weixin.qq.com/s?__biz=MjM5NTE5Mjk1Mg==&mid=2650159764&idx=1&sn=4778774429ee54699be39171e1f68a74&chksm=befed38389895a95e76620476805e3ca6a54356c1c8fa1a03141f4d7c1577233b6b53ae79a31#rd,0,南京大学图书馆
1747558874,教授请吃饭2.0明日开炫,http://mp.weixin.qq.com/s?__biz=MjM5NTE5Mjk1Mg==&mid=2650159230&idx=1&sn=7f667fc64cabbd0e5114625b65e610c5&chksm=befed1698989587fff281f8759ed1dfac7d09298fe940ac13e891af96d93ffbb980499fbdff0#rd,0,南京大学图书馆
1747489424,讲座预告 | 对话南大先生—刘成富教授作品阅读会,http://mp.weixin.qq.com/s?__biz=MjM5NTE5Mjk1Mg==&mid=2650159191&idx=1&sn=79a527768c4a5a6ef4fc3c1b666a593a&chksm=befed14089895856bcddfa8f4cfd114f37619aa7d03f7ce0c3dbe72c85e0f2622824f8868779#rd,0,南京大学图书馆
1747489424,活动回顾 | 传承匠心，闪耀金陵,http://mp.weixin.qq.com/s?__biz=MjM5NTE5Mjk1Mg==&mid=2650159191&idx=2&sn=78ead1b7346928d03fb87f3eb2f5c003&chksm=befed1408989585672cbb4f0c33eb87d7378cddd76f76ad8c45717f85ad55c1b327b517d8bd7#rd,0,南京大学图书馆
1747489424,520校庆限定！鼓楼&仙林图书市集，把书香与文创 “袋” 回家,http://mp.weixin.qq.com/s?__biz=MjM5NTE5Mjk1Mg==&mid=2650159191&idx=3&sn=f4d720e3c3a377c41eabe0af006916dc&chksm=befed14089895856f5bc4b65afd08e5636cada45d414ce1f01967e171744f18846abf482fc5f#rd,0,南京大学图书馆
1747300173,南大徐兴无教授邀宴 | 一席品千年 满座论古今,http://mp.weixin.qq.com/s?__biz=MjM5NTE5Mjk1Mg==&mid=2650159002&idx=1&sn=48507706eeea155d234e7c5ae333ec53&chksm=befede8d8989579bb3e25df0dc3faf532e0c7bc2ef8c834e0853a8f6a04c5905e97ce08612e2#rd,0,南京大学图书馆
1747234030,活动预告｜鲁引弓新作《小欢喜2》南京新书分享会,http://mp.weixin.qq.com/s?__biz=MjM5NTE5Mjk1Mg==&mid=2650158785&idx=1&sn=e2f960231ba8b8d928c20ab6a9f3989d&chksm=befedfd6898956c09371a182b9eefc83c6a53b47073b801dea5b4e945e7ac3d833ab988b70c7#rd,0,南京大学图书馆
1747119125,活动总结 | 众英雄集结 封神之战落幕,http://mp.weixin.qq.com/s?__biz=MjM5NTE5Mjk1Mg==&mid=2650158751&idx=1&sn=b29630863862366c666ca6fbda970b04&chksm=befedf888989569e8283bdc6e94222d29639cc18ad481ae0360ab0c02fffb69cdc7aa84ee224#rd,0,南京大学图书馆
1747119125,花漾南雍 |《插花与创意》课程花展邀您共赴美学之约,http://mp.weixin.qq.com/s?__biz=MjM5NTE5Mjk1Mg==&mid=2650158751&idx=2&sn=92f280050ab23c2a063da65328386c6d&chksm=befedf888989569ec9400ba73532dd6f9b089d7bea0a99f9609b0563bb7385b914fa30bda552#rd,0,南京大学图书馆
1747032345,答题有奖 | Brill 电子书南京大学专场,http://mp.weixin.qq.com/s?__biz=MjM5NTE5Mjk1Mg==&mid=2650158704&idx=1&sn=1851d42b9ff9cf15ceb159dffd3557da&chksm=befedf6789895671fa560eb44a316bbe9e36c6c649c1dbda96e5b1f19620f764b7ac6259d377#rd,0,南京大学图书馆
1747032345,资源推介 | PQDT Global全球博硕论文数据库及新增AIGC功能,http://mp.weixin.qq.com/s?__biz=MjM5NTE5Mjk1Mg==&mid=2650158704&idx=2&sn=4beb2f2b84caea0da44d80f6f7af117e&chksm=befedf6789895671d9250eb4844e84ad1b78b2cecb35007bca49b7985228a238eda6e7fb57a9#rd,0,南京大学图书馆
1746878719,活动预告│千年鎏金•非遗体验,http://mp.weixin.qq.com/s?__biz=MjM5NTE5Mjk1Mg==&mid=2650158674&idx=1&sn=3840670c2ea29b9da27073cbc7fdc7e7&chksm=befedf45898956530cb76c327855cb88b3e455ccc2e07f206981c308c767a1578065eaf77fb4#rd,0,南京大学图书馆
1746851237,诚邀填写！师生学术成果查重服务需求调研,http://mp.weixin.qq.com/s?__biz=MjM5NTE5Mjk1Mg==&mid=2650158453&idx=1&sn=a9b17976ae1283a53fcb74a763ddba17&chksm=befedc6289895574a55252ef560272f751ea3ef29a36e362f81a48da5198722e21f74c2885e1#rd,0,南京大学图书馆
1746752007,资源小真探之弘雅书房四月合集,http://mp.weixin.qq.com/s?__biz=MjM5NTE5Mjk1Mg==&mid=2650158400&idx=1&sn=b31d36a7a35d469b3c25892b1068de9d&chksm=befedc5789895541a491b56955ffbfa2196a26c23bd277a5aae1b33a90eaf9ca5ce52c8fc4d2#rd,0,南京大学图书馆
1746752007,人工智能信息素养知识竞赛领奖通知,http://mp.weixin.qq.com/s?__biz=MjM5NTE5Mjk1Mg==&mid=2650158400&idx=2&sn=129163f62b39370943f18066d0b53bf5&chksm=befedc57898955419351c384eac9a4a44815e45fc53dc1257a0e5f1d410bf42b8cc596c65931#rd,0,南京大学图书馆
1746752007,资源动态 | ICDD-PDF数据库和JADE分析工具开通试用,http://mp.weixin.qq.com/s?__biz=MjM5NTE5Mjk1Mg==&mid=2650158400&idx=3&sn=17a308eda0366b83997f95b8c87d7013&chksm=befedc5789895541a3f060b9cf21c449493e93fcb69235eba59795b1d71fb75ec9e77b16710b#rd,0,南京大学图书馆
1746707058,《教授请吃饭》重磅回归，这一口真香！,http://mp.weixin.qq.com/s?__biz=MjM5NTE5Mjk1Mg==&mid=2650158399&idx=1&sn=fffa8085225e3e573738679f46b18d35&chksm=befedc288989553eed6e3c589299c081eababb331ab1a802ed7d2f74d822f286be5216623955#rd,0,南京大学图书馆
1746585245,“天开教泽、道启南雍”——15个名额争夺《南雍志》C位修复权！,http://mp.weixin.qq.com/s?__biz=MjM5NTE5Mjk1Mg==&mid=2650158090&idx=1&sn=9101df5341e9c51c68fbde0c8c7b1aad&chksm=befedd1d8989540b9f60aab60b5ec382322af26856e3b29b3b220f12d9672778751821af80ef#rd,0,南京大学图书馆
1746494784,活动预告 | 封神榜启，快来图书馆接受天命感召,http://mp.weixin.qq.com/s?__biz=MjM5NTE5Mjk1Mg==&mid=2650157980&idx=1&sn=d564b4a02a130c5c291d093cad18fa6c&chksm=befeda8b8989539db063bbdb11fbf511cf47b192095608296cf4475b14e1f22b9bfff63d4afd#rd,0,南京大学图书馆
1746409596,凝心聚力，共话发展——图书馆邀您建言献策啦，快来报名吧,http://mp.weixin.qq.com/s?__biz=MjM5NTE5Mjk1Mg==&mid=2650157975&idx=1&sn=1db575da14f948dda9ddb8348baab32d&chksm=befeda80898953965b6125ec1f76cb7a19d20817e5280be71a02f2f3031e1b90959183e3e12d#rd,0,南京大学图书馆
1746106665,资源推介 | 地震学经典指南 ——聆听地球心跳 读懂地球故事,http://mp.weixin.qq.com/s?__biz=MjM5NTE5Mjk1Mg==&mid=2650157935&idx=1&sn=e09ed56e47c09a50f0381e57e6194deb&chksm=befeda788989536e7186080bbe7fdc39fc6b14c0fefe3587662baca577442a31f93ce63b07a3#rd,0,南京大学图书馆
1746066405,【新闻】止于至善 教泽东南——致敬“大先生”系列展之走近郭秉文开幕,http://mp.weixin.qq.com/s?__biz=MjM5NTE5Mjk1Mg==&mid=2650157842&idx=1&sn=1e3e3a8fa5f4b1a8134d5cfc7f52b944&chksm=befeda05898953139671721478b2fef491f325f7be36847e76204eb60fc5d41613f246629eb6#rd,0,南京大学图书馆
1745917676,活动回顾 | 在自然的感召中：心游天际·纸见自然——自然阅读论坛后记,http://mp.weixin.qq.com/s?__biz=MjM5NTE5Mjk1Mg==&mid=2650157811&idx=1&sn=5053de89d03811eb8d358e31a2177c64&chksm=befedbe4898952f2a6136006283e5b06a64366929ecc42035138f347fe6bf254a4ff6bee4438#rd,0,南京大学图书馆
1745912313,活动回顾| 猫猫的奇幻漂流,http://mp.weixin.qq.com/s?__biz=MjM5NTE5Mjk1Mg==&mid=2650157607&idx=1&sn=b8a08fac4b1696884d732ba41d726211&chksm=befedb30898952264f74cf98941a8c945b12bdf69e649c86c792b867b0da1eb4dfa7797855d4#rd,0,南京大学图书馆
1745741381,【美遇·自然】“春伴书香，光影传情”  急急如律光影征集令,http://mp.weixin.qq.com/s?__biz=MjM5NTE5Mjk1Mg==&mid=2650157555&idx=1&sn=e5bbdce521ba9706d75c0de6b5805c05&chksm=befed8e4898951f229c2eb2c46724ff7c25449fb0c1289f261b626725814882685300d6dbe53#rd,0,南京大学图书馆
1745741381,全国首创！南大春日旧书市集，一元淘书唤醒沉睡馆藏,http://mp.weixin.qq.com/s?__biz=MjM5NTE5Mjk1Mg==&mid=2650157555&idx=2&sn=08fac26bfad12657bc88b7d8ba416bcf&chksm=befed8e4898951f293b8861f6c3d1a3a23743d7c3c04443bcb7ded95783b6b89b3d4e6306977#rd,0,南京大学图书馆
